[
  {
    "name": "Afghanistan",
    "code": "AF",
    "capital": "Kabul",
    "population": 38928346,
    "area": 652230,
    "region": "Asia",
    "subregion": "Southern Asia",
    "languages": ["Pashto", "Uzbek", "Turkmen"],
    "currencies": ["AFN"],
    "flag": "🇦🇫",
    "independent": true
  },
  {
    "name": "Albania",
    "code": "AL",
    "capital": "Tirana",
    "population": 2877797,
    "area": 28748,
    "region": "Europe",
    "subregion": "Southern Europe",
    "languages": ["Albanian"],
    "currencies": ["ALL"],
    "flag": "🇦🇱",
    "independent": true
  },
  {
    "name": "Algeria",
    "code": "DZ",
    "capital": "Algiers",
    "population": 43851044,
    "area": 2381741,
    "region": "Africa",
    "subregion": "Northern Africa",
    "languages": ["Arabic"],
    "currencies": ["DZD"],
    "flag": "🇩🇿",
    "independent": true
  },
  {
    "name": "Andorra",
    "code": "AD",
    "capital": "Andorra la Vella",
    "population": 77265,
    "area": 468,
    "region": "Europe",
    "subregion": "Southern Europe",
    "languages": ["Catalan"],
    "currencies": ["EUR"],
    "flag": "🇦🇩",
    "independent": true
  },
  {
    "name": "Angola",
    "code": "AO",
    "capital": "Luanda",
    "population": 32866272,
    "area": 1246700,
    "region": "Africa",
    "subregion": "Middle Africa",
    "languages": ["Portuguese"],
    "currencies": ["AOA"],
    "flag": "🇦🇴",
    "independent": true
  },
  {
    "name": "Antigua and Barbuda",
    "code": "AG",
    "capital": "Saint John's",
    "population": 97929,
    "area": 442,
    "region": "Americas",
    "subregion": "Caribbean",
    "languages": ["English"],
    "currencies": ["XCD"],
    "flag": "🇦🇬",
    "independent": true
  },
  {
    "name": "Argentina",
    "code": "AR",
    "capital": "Buenos Aires",
    "population": 45376763,
    "area": 2780400,
    "region": "Americas",
    "subregion": "South America",
    "languages": ["Spanish", "Guaraní"],
    "currencies": ["ARS"],
    "flag": "🇦🇷",
    "independent": true
  },
  {
    "name": "Armenia",
    "code": "AM",
    "capital": "Yerevan",
    "population": 2963243,
    "area": 29743,
    "region": "Asia",
    "subregion": "Western Asia",
    "languages": ["Armenian"],
    "currencies": ["AMD"],
    "flag": "🇦🇲",
    "independent": true
  },
  {
    "name": "Australia",
    "code": "AU",
    "capital": "Canberra",
    "population": 25687041,
    "area": 7692024,
    "region": "Oceania",
    "subregion": "Australia and New Zealand",
    "languages": ["English"],
    "currencies": ["AUD"],
    "flag": "🇦🇺",
    "independent": true
  },
  {
    "name": "Austria",
    "code": "AT",
    "capital": "Vienna",
    "population": 9006398,
    "area": 83871,
    "region": "Europe",
    "subregion": "Western Europe",
    "languages": ["German"],
    "currencies": ["EUR"],
    "flag": "🇦🇹",
    "independent": true
  },
  {
    "name": "Azerbaijan",
    "code": "AZ",
    "capital": "Baku",
    "population": 10139177,
    "area": 86600,
    "region": "Asia",
    "subregion": "Western Asia",
    "languages": ["Azerbaijani"],
    "currencies": ["AZN"],
    "flag": "🇦🇿",
    "independent": true
  },
  {
    "name": "Bahamas",
    "code": "BS",
    "capital": "Nassau",
    "population": 393244,
    "area": 13943,
    "region": "Americas",
    "subregion": "Caribbean",
    "languages": ["English"],
    "currencies": ["BSD"],
    "flag": "🇧🇸",
    "independent": true
  },
  {
    "name": "Bahrain",
    "code": "BH",
    "capital": "Manama",
    "population": 1701575,
    "area": 765,
    "region": "Asia",
    "subregion": "Western Asia",
    "languages": ["Arabic"],
    "currencies": ["BHD"],
    "flag": "🇧🇭",
    "independent": true
  },
  {
    "name": "Bangladesh",
    "code": "BD",
    "capital": "Dhaka",
    "population": 164689383,
    "area": 147570,
    "region": "Asia",
    "subregion": "Southern Asia",
    "languages": ["Bengali"],
    "currencies": ["BDT"],
    "flag": "🇧🇩",
    "independent": true
  },
  {
    "name": "Barbados",
    "code": "BB",
    "capital": "Bridgetown",
    "population": 287375,
    "area": 430,
    "region": "Americas",
    "subregion": "Caribbean",
    "languages": ["English"],
    "currencies": ["BBD"],
    "flag": "🇧🇧",
    "independent": true
  },
  {
    "name": "Belarus",
    "code": "BY",
    "capital": "Minsk",
    "population": 9449323,
    "area": 207600,
    "region": "Europe",
    "subregion": "Eastern Europe",
    "languages": ["Belarusian", "Russian"],
    "currencies": ["BYN"],
    "flag": "🇧🇾",
    "independent": true
  },
  {
    "name": "Belgium",
    "code": "BE",
    "capital": "Brussels",
    "population": 11589623,
    "area": 30528,
    "region": "Europe",
    "subregion": "Western Europe",
    "languages": ["Dutch", "French", "German"],
    "currencies": ["EUR"],
    "flag": "🇧🇪",
    "independent": true
  },
  {
    "name": "Belize",
    "code": "BZ",
    "capital": "Belmopan",
    "population": 397621,
    "area": 22966,
    "region": "Americas",
    "subregion": "Central America",
    "languages": ["English", "Spanish"],
    "currencies": ["BZD"],
    "flag": "🇧🇿",
    "independent": true
  },
  {
    "name": "Benin",
    "code": "BJ",
    "capital": "Porto-Novo",
    "population": 12123200,
    "area": 112622,
    "region": "Africa",
    "subregion": "Western Africa",
    "languages": ["French"],
    "currencies": ["XOF"],
    "flag": "🇧🇯",
    "independent": true
  },
  {
    "name": "Bhutan",
    "code": "BT",
    "capital": "Thimphu",
    "population": 771608,
    "area": 38394,
    "region": "Asia",
    "subregion": "Southern Asia",
    "languages": ["Dzongkha"],
    "currencies": ["BTN", "INR"],
    "flag": "🇧🇹",
    "independent": true
  },
  {
    "name": "Bolivia",
    "code": "BO",
    "capital": "Sucre",
    "population": 11673021,
    "area": 1098581,
    "region": "Americas",
    "subregion": "South America",
    "languages": ["Spanish", "Quechua", "Aymara"],
    "currencies": ["BOB"],
    "flag": "🇧🇴",
    "independent": true
  },
  {
    "name": "Bosnia and Herzegovina",
    "code": "BA",
    "capital": "Sarajevo",
    "population": 3280819,
    "area": 51209,
    "region": "Europe",
    "subregion": "Southern Europe",
    "languages": ["Bosnian", "Croatian", "Serbian"],
    "currencies": ["BAM"],
    "flag": "🇧🇦",
    "independent": true
  },
  {
    "name": "Botswana",
    "code": "BW",
    "capital": "Gaborone",
    "population": 2351627,
    "area": 582000,
    "region": "Africa",
    "subregion": "Southern Africa",
    "languages": ["English", "Tswana"],
    "currencies": ["BWP"],
    "flag": "🇧🇼",
    "independent": true
  },
  {
    "name": "Brazil",
    "code": "BR",
    "capital": "Brasília",
    "population": 212559417,
    "area": 8514877,
    "region": "Americas",
    "subregion": "South America",
    "languages": ["Portuguese"],
    "currencies": ["BRL"],
    "flag": "🇧🇷",
    "independent": true
  },
  {
    "name": "Brunei",
    "code": "BN",
    "capital": "Bandar Seri Begawan",
    "population": 437479,
    "area": 5765,
    "region": "Asia",
    "subregion": "South-Eastern Asia",
    "languages": ["Malay"],
    "currencies": ["BND"],
    "flag": "🇧🇳",
    "independent": true
  },
  {
    "name": "Bulgaria",
    "code": "BG",
    "capital": "Sofia",
    "population": 6948445,
    "area": 110879,
    "region": "Europe",
    "subregion": "Eastern Europe",
    "languages": ["Bulgarian"],
    "currencies": ["BGN"],
    "flag": "🇧🇬",
    "independent": true
  },
  {
    "name": "Burkina Faso",
    "code": "BF",
    "capital": "Ouagadougou",
    "population": 20903273,
    "area": 272967,
    "region": "Africa",
    "subregion": "Western Africa",
    "languages": ["French"],
    "currencies": ["XOF"],
    "flag": "🇧🇫",
    "independent": true
  },
  {
    "name": "Burundi",
    "code": "BI",
    "capital": "Gitega",
    "population": 11890784,
    "area": 27834,
    "region": "Africa",
    "subregion": "Eastern Africa",
    "languages": ["French", "Kirundi"],
    "currencies": ["BIF"],
    "flag": "🇧🇮",
    "independent": true
  },
  {
    "name": "Cambodia",
    "code": "KH",
    "capital": "Phnom Penh",
    "population": 16718965,
    "area": 181035,
    "region": "Asia",
    "subregion": "South-Eastern Asia",
    "languages": ["Khmer"],
    "currencies": ["KHR"],
    "flag": "🇰🇭",
    "independent": true
  },
  {
    "name": "Cameroon",
    "code": "CM",
    "capital": "Yaoundé",
    "population": 26545863,
    "area": 475442,
    "region": "Africa",
    "subregion": "Middle Africa",
    "languages": ["English", "French"],
    "currencies": ["XAF"],
    "flag": "🇨🇲",
    "independent": true
  },
  {
    "name": "Canada",
    "code": "CA",
    "capital": "Ottawa",
    "population": 38005238,
    "area": 9984670,
    "region": "Americas",
    "subregion": "Northern America",
    "languages": ["English", "French"],
    "currencies": ["CAD"],
    "flag": "🇨🇦",
    "independent": true
  },
  {
    "name": "Cape Verde",
    "code": "CV",
    "capital": "Praia",
    "population": 555987,
    "area": 4033,
    "region": "Africa",
    "subregion": "Western Africa",
    "languages": ["Portuguese"],
    "currencies": ["CVE"],
    "flag": "🇨🇻",
    "independent": true
  },
  {
    "name": "Central African Republic",
    "code": "CF",
    "capital": "Bangui",
    "population": 4829767,
    "area": 622984,
    "region": "Africa",
    "subregion": "Middle Africa",
    "languages": ["French", "Sango"],
    "currencies": ["XAF"],
    "flag": "🇨🇫",
    "independent": true
  },
  {
    "name": "Chad",
    "code": "TD",
    "capital": "N'Djamena",
    "population": 16425864,
    "area": 1284000,
    "region": "Africa",
    "subregion": "Middle Africa",
    "languages": ["Arabic", "French"],
    "currencies": ["XAF"],
    "flag": "🇹🇩",
    "independent": true
  },
  {
    "name": "Chile",
    "code": "CL",
    "capital": "Santiago",
    "population": 19116201,
    "area": 756102,
    "region": "Americas",
    "subregion": "South America",
    "languages": ["Spanish"],
    "currencies": ["CLP"],
    "flag": "🇨🇱",
    "independent": true
  },
  {
    "name": "China",
    "code": "CN",
    "capital": "Beijing",
    "population": 1439323776,
    "area": 9640011,
    "region": "Asia",
    "subregion": "Eastern Asia",
    "languages": ["Chinese"],
    "currencies": ["CNY"],
    "flag": "🇨🇳",
    "independent": true
  },
  {
    "name": "Colombia",
    "code": "CO",
    "capital": "Bogotá",
    "population": 50882891,
    "area": 1141748,
    "region": "Americas",
    "subregion": "South America",
    "languages": ["Spanish"],
    "currencies": ["COP"],
    "flag": "🇨🇴",
    "independent": true
  },
  {
    "name": "Comoros",
    "code": "KM",
    "capital": "Moroni",
    "population": 869601,
    "area": 1862,
    "region": "Africa",
    "subregion": "Eastern Africa",
    "languages": ["Arabic", "French", "Comorian"],
    "currencies": ["KMF"],
    "flag": "🇰🇲",
    "independent": true
  },
  {
    "name": "Costa Rica",
    "code": "CR",
    "capital": "San José",
    "population": 5094118,
    "area": 51100,
    "region": "Americas",
    "subregion": "Central America",
    "languages": ["Spanish"],
    "currencies": ["CRC"],
    "flag": "🇨🇷",
    "independent": true
  },
  {
    "name": "Croatia",
    "code": "HR",
    "capital": "Zagreb",
    "population": 4105267,
    "area": 56594,
    "region": "Europe",
    "subregion": "Southern Europe",
    "languages": ["Croatian"],
    "currencies": ["HRK"],
    "flag": "🇭🇷",
    "independent": true
  },
  {
    "name": "Cuba",
    "code": "CU",
    "capital": "Havana",
    "population": 11326616,
    "area": 109884,
    "region": "Americas",
    "subregion": "Caribbean",
    "languages": ["Spanish"],
    "currencies": ["CUP", "CUC"],
    "flag": "🇨🇺",
    "independent": true
  },
  {
    "name": "Cyprus",
    "code": "CY",
    "capital": "Nicosia",
    "population": 1207359,
    "area": 9251,
    "region": "Europe",
    "subregion": "Southern Europe",
    "languages": ["Greek", "Turkish"],
    "currencies": ["EUR"],
    "flag": "🇨🇾",
    "independent": true
  },
  {
    "name": "Czech Republic",
    "code": "CZ",
    "capital": "Prague",
    "population": 10708981,
    "area": 78865,
    "region": "Europe",
    "subregion": "Eastern Europe",
    "languages": ["Czech", "Slovak"],
    "currencies": ["CZK"],
    "flag": "🇨🇿",
    "independent": true
  },
  {
    "name": "Denmark",
    "code": "DK",
    "capital": "Copenhagen",
    "population": 5831404,
    "area": 43094,
    "region": "Europe",
    "subregion": "Northern Europe",
    "languages": ["Danish"],
    "currencies": ["DKK"],
    "flag": "🇩🇰",
    "independent": true
  },
  {
    "name": "Djibouti",
    "code": "DJ",
    "capital": "Djibouti",
    "population": 988000,
    "area": 23200,
    "region": "Africa",
    "subregion": "Eastern Africa",
    "languages": ["Arabic", "French"],
    "currencies": ["DJF"],
    "flag": "🇩🇯",
    "independent": true
  },
  {
    "name": "Dominica",
    "code": "DM",
    "capital": "Roseau",
    "population": 71986,
    "area": 751,
    "region": "Americas",
    "subregion": "Caribbean",
    "languages": ["English"],
    "currencies": ["XCD"],
    "flag": "🇩🇲",
    "independent": true
  },
  {
    "name": "Dominican Republic",
    "code": "DO",
    "capital": "Santo Domingo",
    "population": 10847910,
    "area": 48671,
    "region": "Americas",
    "subregion": "Caribbean",
    "languages": ["Spanish"],
    "currencies": ["DOP"],
    "flag": "🇩🇴",
    "independent": true
  },
  {
    "name": "East Timor",
    "code": "TL",
    "capital": "Dili",
    "population": 1318445,
    "area": 14874,
    "region": "Asia",
    "subregion": "South-Eastern Asia",
    "languages": ["Portuguese", "Tetum"],
    "currencies": ["USD"],
    "flag": "🇹🇱",
    "independent": true
  },
  {
    "name": "Ecuador",
    "code": "EC",
    "capital": "Quito",
    "population": 17643054,
    "area": 276841,
    "region": "Americas",
    "subregion": "South America",
    "languages": ["Spanish"],
    "currencies": ["USD"],
    "flag": "🇪🇨",
    "independent": true
  },
  {
    "name": "Egypt",
    "code": "EG",
    "capital": "Cairo",
    "population": 102334404,
    "area": 1001449,
    "region": "Africa",
    "subregion": "Northern Africa",
    "languages": ["Arabic"],
    "currencies": ["EGP"],
    "flag": "🇪🇬",
    "independent": true
  },
  {
    "name": "El Salvador",
    "code": "SV",
    "capital": "San Salvador",
    "population": 6486205,
    "area": 21041,
    "region": "Americas",
    "subregion": "Central America",
    "languages": ["Spanish"],
    "currencies": ["USD"],
    "flag": "🇸🇻",
    "independent": true
  },
  {
    "name": "Equatorial Guinea",
    "code": "GQ",
    "capital": "Malabo",
    "population": 1402985,
    "area": 28051,
    "region": "Africa",
    "subregion": "Middle Africa",
    "languages": ["Spanish", "French", "Portuguese"],
    "currencies": ["XAF"],
    "flag": "🇬🇶",
    "independent": true
  },
  {
    "name": "Eritrea",
    "code": "ER",
    "capital": "Asmara",
    "population": 3546421,
    "area": 117600,
    "region": "Africa",
    "subregion": "Eastern Africa",
    "languages": ["Tigrinya", "Arabic", "English"],
    "currencies": ["ERN"],
    "flag": "🇪🇷",
    "independent": true
  },
  {
    "name": "Estonia",
    "code": "EE",
    "capital": "Tallinn",
    "population": 1331057,
    "area": 45227,
    "region": "Europe",
    "subregion": "Northern Europe",
    "languages": ["Estonian"],
    "currencies": ["EUR"],
    "flag": "🇪🇪",
    "independent": true
  },
  {
    "name": "Eswatini",
    "code": "SZ",
    "capital": "Mbabane",
    "population": 1160164,
    "area": 17364,
    "region": "Africa",
    "subregion": "Southern Africa",
    "languages": ["English", "Swazi"],
    "currencies": ["SZL"],
    "flag": "🇸🇿",
    "independent": true
  },
  {
    "name": "Ethiopia",
    "code": "ET",
    "capital": "Addis Ababa",
    "population": 114963588,
    "area": 1104300,
    "region": "Africa",
    "subregion": "Eastern Africa",
    "languages": ["Amharic"],
    "currencies": ["ETB"],
    "flag": "🇪🇹",
    "independent": true
  },
  {
    "name": "Fiji",
    "code": "FJ",
    "capital": "Suva",
    "population": 896445,
    "area": 18272,
    "region": "Oceania",
    "subregion": "Melanesia",
    "languages": ["English", "Fijian", "Hindi"],
    "currencies": ["FJD"],
    "flag": "🇫🇯",
    "independent": true
  },
  {
    "name": "Finland",
    "code": "FI",
    "capital": "Helsinki",
    "population": 5540720,
    "area": 338424,
    "region": "Europe",
    "subregion": "Northern Europe",
    "languages": ["Finnish", "Swedish"],
    "currencies": ["EUR"],
    "flag": "🇫🇮",
    "independent": true
  },
  {
    "name": "France",
    "code": "FR",
    "capital": "Paris",
    "population": 67391582,
    "area": 551695,
    "region": "Europe",
    "subregion": "Western Europe",
    "languages": ["French"],
    "currencies": ["EUR"],
    "flag": "🇫🇷",
    "independent": true
  },
  {
    "name": "Gabon",
    "code": "GA",
    "capital": "Libreville",
    "population": 2225734,
    "area": 267668,
    "region": "Africa",
    "subregion": "Middle Africa",
    "languages": ["French"],
    "currencies": ["XAF"],
    "flag": "🇬🇦",
    "independent": true
  },
  {
    "name": "Gambia",
    "code": "GM",
    "capital": "Banjul",
    "population": 2416668,
    "area": 10689,
    "region": "Africa",
    "subregion": "Western Africa",
    "languages": ["English"],
    "currencies": ["GMD"],
    "flag": "🇬🇲",
    "independent": true
  },
  {
    "name": "Georgia",
    "code": "GE",
    "capital": "Tbilisi",
    "population": 3717100,
    "area": 69700,
    "region": "Asia",
    "subregion": "Western Asia",
    "languages": ["Georgian"],
    "currencies": ["GEL"],
    "flag": "🇬🇪",
    "independent": true
  },
  {
    "name": "Germany",
    "code": "DE",
    "capital": "Berlin",
    "population": 83240525,
    "area": 357114,
    "region": "Europe",
    "subregion": "Western Europe",
    "languages": ["German"],
    "currencies": ["EUR"],
    "flag": "🇩🇪",
    "independent": true
  },
  {
    "name": "Ghana",
    "code": "GH",
    "capital": "Accra",
    "population": 31072940,
    "area": 238533,
    "region": "Africa",
    "subregion": "Western Africa",
    "languages": ["English"],
    "currencies": ["GHS"],
    "flag": "🇬🇭",
    "independent": true
  },
  {
    "name": "Greece",
    "code": "GR",
    "capital": "Athens",
    "population": 10423054,
    "area": 131990,
    "region": "Europe",
    "subregion": "Southern Europe",
    "languages": ["Greek"],
    "currencies": ["EUR"],
    "flag": "🇬🇷",
    "independent": true
  },
  {
    "name": "Grenada",
    "code": "GD",
    "capital": "St. George's",
    "population": 112523,
    "area": 344,
    "region": "Americas",
    "subregion": "Caribbean",
    "languages": ["English"],
    "currencies": ["XCD"],
    "flag": "🇬🇩",
    "independent": true
  },
  {
    "name": "Guatemala",
    "code": "GT",
    "capital": "Guatemala City",
    "population": 17915568,
    "area": 108889,
    "region": "Americas",
    "subregion": "Central America",
    "languages": ["Spanish"],
    "currencies": ["GTQ"],
    "flag": "🇬🇹",
    "independent": true
  },
  {
    "name": "Guinea",
    "code": "GN",
    "capital": "Conakry",
    "population": 13132795,
    "area": 245857,
    "region": "Africa",
    "subregion": "Western Africa",
    "languages": ["French"],
    "currencies": ["GNF"],
    "flag": "🇬🇳",
    "independent": true
  },
  {
    "name": "Guinea-Bissau",
    "code": "GW",
    "capital": "Bissau",
    "population": 1968001,
    "area": 36125,
    "region": "Africa",
    "subregion": "Western Africa",
    "languages": ["Portuguese"],
    "currencies": ["XOF"],
    "flag": "🇬🇼",
    "independent": true
  },
  {
    "name": "Guyana",
    "code": "GY",
    "capital": "Georgetown",
    "population": 786552,
    "area": 214969,
    "region": "Americas",
    "subregion": "South America",
    "languages": ["English"],
    "currencies": ["GYD"],
    "flag": "🇬🇾",
    "independent": true
  },
  {
    "name": "Haiti",
    "code": "HT",
    "capital": "Port-au-Prince",
    "population": 11402528,
    "area": 27750,
    "region": "Americas",
    "subregion": "Caribbean",
    "languages": ["French", "Haitian Creole"],
    "currencies": ["HTG", "USD"],
    "flag": "🇭🇹",
    "independent": true
  },
  {
    "name": "Honduras",
    "code": "HN",
    "capital": "Tegucigalpa",
    "population": 9904607,
    "area": 112492,
    "region": "Americas",
    "subregion": "Central America",
    "languages": ["Spanish"],
    "currencies": ["HNL"],
    "flag": "🇭🇳",
    "independent": true
  },
  {
    "name": "Hungary",
    "code": "HU",
    "capital": "Budapest",
    "population": 9749764,
    "area": 93028,
    "region": "Europe",
    "subregion": "Eastern Europe",
    "languages": ["Hungarian"],
    "currencies": ["HUF"],
    "flag": "🇭🇺",
    "independent": true
  },
  {
    "name": "Iceland",
    "code": "IS",
    "capital": "Reykjavik",
    "population": 366425,
    "area": 103000,
    "region": "Europe",
    "subregion": "Northern Europe",
    "languages": ["Icelandic"],
    "currencies": ["ISK"],
    "flag": "🇮🇸",
    "independent": true
  },
  {
    "name": "India",
    "code": "IN",
    "capital": "New Delhi",
    "population": 1380004385,
    "area": 3287263,
    "region": "Asia",
    "subregion": "Southern Asia",
    "languages": ["Hindi", "English"],
    "currencies": ["INR"],
    "flag": "🇮🇳",
    "independent": true
  },
  {
    "name": "Indonesia",
    "code": "ID",
    "capital": "Jakarta",
    "population": 273523615,
    "area": 1904569,
    "region": "Asia",
    "subregion": "South-Eastern Asia",
    "languages": ["Indonesian"],
    "currencies": ["IDR"],
    "flag": "🇮🇩",
    "independent": true
  },
  {
    "name": "Iran",
    "code": "IR",
    "capital": "Tehran",
    "population": 83992949,
    "area": 1648195,
    "region": "Asia",
    "subregion": "Southern Asia",
    "languages": ["Persian"],
    "currencies": ["IRR"],
    "flag": "🇮🇷",
    "independent": true
  },
  {
    "name": "Iraq",
    "code": "IQ",
    "capital": "Baghdad",
    "population": 40222493,
    "area": 438317,
    "region": "Asia",
    "subregion": "Western Asia",
    "languages": ["Arabic", "Kurdish"],
    "currencies": ["IQD"],
    "flag": "🇮🇶",
    "independent": true
  },
  {
    "name": "Ireland",
    "code": "IE",
    "capital": "Dublin",
    "population": 4994724,
    "area": 70273,
    "region": "Europe",
    "subregion": "Northern Europe",
    "languages": ["English", "Irish"],
    "currencies": ["EUR"],
    "flag": "🇮🇪",
    "independent": true
  },
  {
    "name": "Israel",
    "code": "IL",
    "capital": "Jerusalem",
    "population": 9216900,
    "area": 20770,
    "region": "Asia",
    "subregion": "Western Asia",
    "languages": ["Hebrew", "Arabic"],
    "currencies": ["ILS"],
    "flag": "🇮🇱",
    "independent": true
  },
  {
    "name": "Italy",
    "code": "IT",
    "capital": "Rome",
    "population": 59554023,
    "area": 301336,
    "region": "Europe",
    "subregion": "Southern Europe",
    "languages": ["Italian"],
    "currencies": ["EUR"],
    "flag": "🇮🇹",
    "independent": true
  },
  {
    "name": "Jamaica",
    "code": "JM",
    "capital": "Kingston",
    "population": 2961167,
    "area": 10991,
    "region": "Americas",
    "subregion": "Caribbean",
    "languages": ["English"],
    "currencies": ["JMD"],
    "flag": "🇯🇲",
    "independent": true
  },
  {
    "name": "Japan",
    "code": "JP",
    "capital": "Tokyo",
    "population": 125836021,
    "area": 377930,
    "region": "Asia",
    "subregion": "Eastern Asia",
    "languages": ["Japanese"],
    "currencies": ["JPY"],
    "flag": "🇯🇵",
    "independent": true
  },
  {
    "name": "Jordan",
    "code": "JO",
    "capital": "Amman",
    "population": 10203134,
    "area": 89342,
    "region": "Asia",
    "subregion": "Western Asia",
    "languages": ["Arabic"],
    "currencies": ["JOD"],
    "flag": "🇯🇴",
    "independent": true
  },
  {
    "name": "Kazakhstan",
    "code": "KZ",
    "capital": "Nur-Sultan",
    "population": 18776707,
    "area": 2724900,
    "region": "Asia",
    "subregion": "Central Asia",
    "languages": ["Kazakh", "Russian"],
    "currencies": ["KZT"],
    "flag": "🇰🇿",
    "independent": true
  },
  {
    "name": "Kenya",
    "code": "KE",
    "capital": "Nairobi",
    "population": 53771296,
    "area": 580367,
    "region": "Africa",
    "subregion": "Eastern Africa",
    "languages": ["English", "Swahili"],
    "currencies": ["KES"],
    "flag": "🇰🇪",
    "independent": true
  },
  {
    "name": "Kiribati",
    "code": "KI",
    "capital": "South Tarawa",
    "population": 119449,
    "area": 811,
    "region": "Oceania",
    "subregion": "Micronesia",
    "languages": ["English", "Gilbertese"],
    "currencies": ["AUD"],
    "flag": "🇰🇮",
    "independent": true
  },
  {
    "name": "Kuwait",
    "code": "KW",
    "capital": "Kuwait City",
    "population": 4270571,
    "area": 17818,
    "region": "Asia",
    "subregion": "Western Asia",
    "languages": ["Arabic"],
    "currencies": ["KWD"],
    "flag": "🇰🇼",
    "independent": true
  },
  {
    "name": "Kyrgyzstan",
    "code": "KG",
    "capital": "Bishkek",
    "population": 6591600,
    "area": 199951,
    "region": "Asia",
    "subregion": "Central Asia",
    "languages": ["Kyrgyz", "Russian"],
    "currencies": ["KGS"],
    "flag": "🇰🇬",
    "independent": true
  },
  {
    "name": "Laos",
    "code": "LA",
    "capital": "Vientiane",
    "population": 7275560,
    "area": 236800,
    "region": "Asia",
    "subregion": "South-Eastern Asia",
    "languages": ["Lao"],
    "currencies": ["LAK"],
    "flag": "🇱🇦",
    "independent": true
  },
  {
    "name": "Latvia",
    "code": "LV",
    "capital": "Riga",
    "population": 1886198,
    "area": 64559,
    "region": "Europe",
    "subregion": "Northern Europe",
    "languages": ["Latvian"],
    "currencies": ["EUR"],
    "flag": "🇱🇻",
    "independent": true
  },
  {
    "name": "Lebanon",
    "code": "LB",
    "capital": "Beirut",
    "population": 6825445,
    "area": 10452,
    "region": "Asia",
    "subregion": "Western Asia",
    "languages": ["Arabic", "French"],
    "currencies": ["LBP"],
    "flag": "🇱🇧",
    "independent": true
  },
  {
    "name": "Lesotho",
    "code": "LS",
    "capital": "Maseru",
    "population": 2142249,
    "area": 30355,
    "region": "Africa",
    "subregion": "Southern Africa",
    "languages": ["English", "Southern Sotho"],
    "currencies": ["LSL", "ZAR"],
    "flag": "🇱🇸",
    "independent": true
  },
  {
    "name": "Liberia",
    "code": "LR",
    "capital": "Monrovia",
    "population": 5057681,
    "area": 111369,
    "region": "Africa",
    "subregion": "Western Africa",
    "languages": ["English"],
    "currencies": ["LRD"],
    "flag": "🇱🇷",
    "independent": true
  },
  {
    "name": "Libya",
    "code": "LY",
    "capital": "Tripoli",
    "population": 6871292,
    "area": 1759540,
    "region": "Africa",
    "subregion": "Northern Africa",
    "languages": ["Arabic"],
    "currencies": ["LYD"],
    "flag": "🇱🇾",
    "independent": true
  },
  {
    "name": "Liechtenstein",
    "code": "LI",
    "capital": "Vaduz",
    "population": 38128,
    "area": 160,
    "region": "Europe",
    "subregion": "Western Europe",
    "languages": ["German"],
    "currencies": ["CHF"],
    "flag": "🇱🇮",
    "independent": true
  },
  {
    "name": "Lithuania",
    "code": "LT",
    "capital": "Vilnius",
    "population": 2722289,
    "area": 65300,
    "region": "Europe",
    "subregion": "Northern Europe",
    "languages": ["Lithuanian"],
    "currencies": ["EUR"],
    "flag": "🇱🇹",
    "independent": true
  },
  {
    "name": "Luxembourg",
    "code": "LU",
    "capital": "Luxembourg",
    "population": 634814,
    "area": 2586,
    "region": "Europe",
    "subregion": "Western Europe",
    "languages": ["French", "German", "Luxembourgish"],
    "currencies": ["EUR"],
    "flag": "🇱🇺",
    "independent": true
  },
  {
    "name": "Madagascar",
    "code": "MG",
    "capital": "Antananarivo",
    "population": 27691018,
    "area": 587041,
    "region": "Africa",
    "subregion": "Eastern Africa",
    "languages": ["French", "Malagasy"],
    "currencies": ["MGA"],
    "flag": "🇲🇬",
    "independent": true
  },
  {
    "name": "Malawi",
    "code": "MW",
    "capital": "Lilongwe",
    "population": 19129952,
    "area": 118484,
    "region": "Africa",
    "subregion": "Eastern Africa",
    "languages": ["English", "Chichewa"],
    "currencies": ["MWK"],
    "flag": "🇲🇼",
    "independent": true
  },
  {
    "name": "Malaysia",
    "code": "MY",
    "capital": "Kuala Lumpur",
    "population": 32365999,
    "area": 330803,
    "region": "Asia",
    "subregion": "South-Eastern Asia",
    "languages": ["Malay"],
    "currencies": ["MYR"],
    "flag": "🇲🇾",
    "independent": true
  },
  {
    "name": "Maldives",
    "code": "MV",
    "capital": "Malé",
    "population": 540544,
    "area": 300,
    "region": "Asia",
    "subregion": "Southern Asia",
    "languages": ["Divehi"],
    "currencies": ["MVR"],
    "flag": "🇲🇻",
    "independent": true
  },
  {
    "name": "Mali",
    "code": "ML",
    "capital": "Bamako",
    "population": 20250833,
    "area": 1240192,
    "region": "Africa",
    "subregion": "Western Africa",
    "languages": ["French"],
    "currencies": ["XOF"],
    "flag": "🇲🇱",
    "independent": true
  },
  {
    "name": "Malta",
    "code": "MT",
    "capital": "Valletta",
    "population": 525285,
    "area": 316,
    "region": "Europe",
    "subregion": "Southern Europe",
    "languages": ["Maltese", "English"],
    "currencies": ["EUR"],
    "flag": "🇲🇹",
    "independent": true
  },
  {
    "name": "Marshall Islands",
    "code": "MH",
    "capital": "Majuro",
    "population": 59190,
    "area": 181,
    "region": "Oceania",
    "subregion": "Micronesia",
    "languages": ["English", "Marshallese"],
    "currencies": ["USD"],
    "flag": "🇲🇭",
    "independent": true
  },
  {
    "name": "Mauritania",
    "code": "MR",
    "capital": "Nouakchott",
    "population": 4649658,
    "area": 1030700,
    "region": "Africa",
    "subregion": "Western Africa",
    "languages": ["Arabic"],
    "currencies": ["MRU"],
    "flag": "🇲🇷",
    "independent": true
  },
  {
    "name": "Mauritius",
    "code": "MU",
    "capital": "Port Louis",
    "population": 1271768,
    "area": 2040,
    "region": "Africa",
    "subregion": "Eastern Africa",
    "languages": ["English"],
    "currencies": ["MUR"],
    "flag": "🇲🇺",
    "independent": true
  },
  {
    "name": "Mexico",
    "code": "MX",
    "capital": "Mexico City",
    "population": 128932753,
    "area": 1964375,
    "region": "Americas",
    "subregion": "North America",
    "languages": ["Spanish"],
    "currencies": ["MXN"],
    "flag": "🇲🇽",
    "independent": true
  },
  {
    "name": "Micronesia",
    "code": "FM",
    "capital": "Palikir",
    "population": 115023,
    "area": 702,
    "region": "Oceania",
    "subregion": "Micronesia",
    "languages": ["English"],
    "currencies": ["USD"],
    "flag": "🇫🇲",
    "independent": true
  },
  {
    "name": "Moldova",
    "code": "MD",
    "capital": "Chișinău",
    "population": 2617820,
    "area": 33846,
    "region": "Europe",
    "subregion": "Eastern Europe",
    "languages": ["Romanian"],
    "currencies": ["MDL"],
    "flag": "🇲🇩",
    "independent": true
  },
  {
    "name": "Monaco",
    "code": "MC",
    "capital": "Monaco",
    "population": 39242,
    "area": 2,
    "region": "Europe",
    "subregion": "Western Europe",
    "languages": ["French"],
    "currencies": ["EUR"],
    "flag": "🇲🇨",
    "independent": true
  },
  {
    "name": "Mongolia",
    "code": "MN",
    "capital": "Ulaanbaatar",
    "population": 3278290,
    "area": 1564110,
    "region": "Asia",
    "subregion": "Eastern Asia",
    "languages": ["Mongolian"],
    "currencies": ["MNT"],
    "flag": "🇲🇳",
    "independent": true
  },
  {
    "name": "Montenegro",
    "code": "ME",
    "capital": "Podgorica",
    "population": 621873,
    "area": 13812,
    "region": "Europe",
    "subregion": "Southern Europe",
    "languages": ["Montenegrin"],
    "currencies": ["EUR"],
    "flag": "🇲🇪",
    "independent": true
  },
  {
    "name": "Morocco",
    "code": "MA",
    "capital": "Rabat",
    "population": 36910560,
    "area": 446550,
    "region": "Africa",
    "subregion": "Northern Africa",
    "languages": ["Arabic", "Berber"],
    "currencies": ["MAD"],
    "flag": "🇲🇦",
    "independent": true
  },
  {
    "name": "Mozambique",
    "code": "MZ",
    "capital": "Maputo",
    "population": 31255435,
    "area": 801590,
    "region": "Africa",
    "subregion": "Eastern Africa",
    "languages": ["Portuguese"],
    "currencies": ["MZN"],
    "flag": "🇲🇿",
    "independent": true
  },
  {
    "name": "Myanmar",
    "code": "MM",
    "capital": "Naypyidaw",
    "population": 54409800,
    "area": 676578,
    "region": "Asia",
    "subregion": "South-Eastern Asia",
    "languages": ["Burmese"],
    "currencies": ["MMK"],
    "flag": "🇲🇲",
    "independent": true
  },
  {
    "name": "Namibia",
    "code": "NA",
    "capital": "Windhoek",
    "population": 2540905,
    "area": 825615,
    "region": "Africa",
    "subregion": "Southern Africa",
    "languages": ["English", "Afrikaans"],
    "currencies": ["NAD", "ZAR"],
    "flag": "🇳🇦",
    "independent": true
  },
  {
    "name": "Nauru",
    "code": "NR",
    "capital": "Yaren",
    "population": 10824,
    "area": 21,
    "region": "Oceania",
    "subregion": "Micronesia",
    "languages": ["English", "Nauruan"],
    "currencies": ["AUD"],
    "flag": "🇳🇷",
    "independent": true
  },
  {
    "name": "Nepal",
    "code": "NP",
    "capital": "Kathmandu",
    "population": 29136808,
    "area": 147181,
    "region": "Asia",
    "subregion": "Southern Asia",
    "languages": ["Nepali"],
    "currencies": ["NPR"],
    "flag": "🇳🇵",
    "independent": true
  },
  {
    "name": "Netherlands",
    "code": "NL",
    "capital": "Amsterdam",
    "population": 17441139,
    "area": 41850,
    "region": "Europe",
    "subregion": "Western Europe",
    "languages": ["Dutch"],
    "currencies": ["EUR"],
    "flag": "🇳🇱",
    "independent": true
  },
  {
    "name": "New Zealand",
    "code": "NZ",
    "capital": "Wellington",
    "population": 5084300,
    "area": 270467,
    "region": "Oceania",
    "subregion": "Australia and New Zealand",
    "languages": ["English", "MÄori"],
    "currencies": ["NZD"],
    "flag": "🇳🇿",
    "independent": true
  },
  {
    "name": "Nicaragua",
    "code": "NI",
    "capital": "Managua",
    "population": 6624554,
    "area": 130373,
    "region": "Americas",
    "subregion": "Central America",
    "languages": ["Spanish"],
    "currencies": ["NIO"],
    "flag": "🇳🇮",
    "independent": true
  },
  {
    "name": "Niger",
    "code": "NE",
    "capital": "Niamey",
    "population": 24206644,
    "area": 1267000,
    "region": "Africa",
    "subregion": "Western Africa",
    "languages": ["French"],
    "currencies": ["XOF"],
    "flag": "🇳🇪",
    "independent": true
  },
  {
    "name": "Nigeria",
    "code": "NG",
    "capital": "Abuja",
    "population": 218541212,
    "area": 923768,
    "region": "Africa",
    "subregion": "Western Africa",
    "languages": ["English"],
    "currencies": ["NGN"],
    "flag": "🇳🇬",
    "independent": true
  },
  {
    "name": "North Korea",
    "code": "KP",
    "capital": "Pyongyang",
    "population": 25778816,
    "area": 120538,
    "region": "Asia",
    "subregion": "Eastern Asia",
    "languages": ["Korean"],
    "currencies": ["KPW"],
    "flag": "🇰🇵",
    "independent": true
  },
  {
    "name": "North Macedonia",
    "code": "MK",
    "capital": "Skopje",
    "population": 2083459,
    "area": 25713,
    "region": "Europe",
    "subregion": "Southern Europe",
    "languages": ["Macedonian"],
    "currencies": ["MKD"],
    "flag": "🇲🇰",
    "independent": true
  },
  {
    "name": "Norway",
    "code": "NO",
    "capital": "Oslo",
    "population": 5421241,
    "area": 323802,
    "region": "Europe",
    "subregion": "Northern Europe",
    "languages": ["Norwegian", "Norwegian Bokmål", "Norwegian Nynorsk"],
    "currencies": ["NOK"],
    "flag": "🇳🇴",
    "independent": true
  },
  {
    "name": "Oman",
    "code": "OM",
    "capital": "Muscat",
    "population": 5106626,
    "area": 309500,
    "region": "Asia",
    "subregion": "Western Asia",
    "languages": ["Arabic"],
    "currencies": ["OMR"],
    "flag": "🇴🇲",
    "independent": true
  },
  {
    "name": "Pakistan",
    "code": "PK",
    "capital": "Islamabad",
    "population": 225199937,
    "area": 881912,
    "region": "Asia",
    "subregion": "Southern Asia",
    "languages": ["English", "Urdu"],
    "currencies": ["PKR"],
    "flag": "🇵🇰",
    "independent": true
  },
  {
    "name": "Palau",
    "code": "PW",
    "capital": "Ngerulmud",
    "population": 18094,
    "area": 459,
    "region": "Oceania",
    "subregion": "Micronesia",
    "languages": ["English", "Palauan"],
    "currencies": ["USD"],
    "flag": "🇵🇼",
    "independent": true
  },
  {
    "name": "Palestine",
    "code": "PS",
    "capital": "Ramallah",
    "population": 5101414,
    "area": 6220,
    "region": "Asia",
    "subregion": "Western Asia",
    "languages": ["Arabic"],
    "currencies": ["ILS"],
    "flag": "🇵🇸",
    "independent": false
  },
  {
    "name": "Panama",
    "code": "PA",
    "capital": "Panama City",
    "population": 4314767,
    "area": 75417,
    "region": "Americas",
    "subregion": "Central America",
    "languages": ["Spanish"],
    "currencies": ["PAB", "USD"],
    "flag": "🇵🇦",
    "independent": true
  },
  {
    "name": "Papua New Guinea",
    "code": "PG",
    "capital": "Port Moresby",
    "population": 8947024,
    "area": 462840,
    "region": "Oceania",
    "subregion": "Melanesia",
    "languages": ["English", "Tok Pisin", "Hiri Motu"],
    "currencies": ["PGK"],
    "flag": "🇵🇬",
    "independent": true
  },
  {
    "name": "Paraguay",
    "code": "PY",
    "capital": "Asunción",
    "population": 7132538,
    "area": 406752,
    "region": "Americas",
    "subregion": "South America",
    "languages": ["Spanish", "Guaraní"],
    "currencies": ["PYG"],
    "flag": "🇵🇾",
    "independent": true
  },
  {
    "name": "Peru",
    "code": "PE",
    "capital": "Lima",
    "population": 32971854,
    "area": 1285216,
    "region": "Americas",
    "subregion": "South America",
    "languages": ["Spanish", "Quechua", "Aymara"],
    "currencies": ["PEN"],
    "flag": "🇵🇪",
    "independent": true
  },
  {
    "name": "Philippines",
    "code": "PH",
    "capital": "Manila",
    "population": 109581078,
    "area": 342353,
    "region": "Asia",
    "subregion": "South-Eastern Asia",
    "languages": ["English", "Filipino"],
    "currencies": ["PHP"],
    "flag": "🇵🇭",
    "independent": true
  },
  {
    "name": "Poland",
    "code": "PL",
    "capital": "Warsaw",
    "population": 38386000,
    "area": 312679,
    "region": "Europe",
    "subregion": "Eastern Europe",
    "languages": ["Polish"],
    "currencies": ["PLN"],
    "flag": "🇵🇱",
    "independent": true
  },
  {
    "name": "Portugal",
    "code": "PT",
    "capital": "Lisbon",
    "population": 10305564,
    "area": 92090,
    "region": "Europe",
    "subregion": "Southern Europe",
    "languages": ["Portuguese"],
    "currencies": ["EUR"],
    "flag": "🇵🇹",
    "independent": true
  },
  {
    "name": "Qatar",
    "code": "QA",
    "capital": "Doha",
    "population": 2881053,
    "area": 11586,
    "region": "Asia",
    "subregion": "Western Asia",
    "languages": ["Arabic"],
    "currencies": ["QAR"],
    "flag": "🇶🇦",
    "independent": true
  },
  {
    "name": "Romania",
    "code": "RO",
    "capital": "Bucharest",
    "population": 19286123,
    "area": 238391,
    "region": "Europe",
    "subregion": "Eastern Europe",
    "languages": ["Romanian"],
    "currencies": ["RON"],
    "flag": "🇷🇴",
    "independent": true
  },
  {
    "name": "Russia",
    "code": "RU",
    "capital": "Moscow",
    "population": 145912025,
    "area": 17098242,
    "region": "Europe",
    "subregion": "Eastern Europe",
    "languages": ["Russian"],
    "currencies": ["RUB"],
    "flag": "🇷🇺",
    "independent": true
  },
  {
    "name": "Rwanda",
    "code": "RW",
    "capital": "Kigali",
    "population": 12952218,
    "area": 26338,
    "region": "Africa",
    "subregion": "Eastern Africa",
    "languages": ["Kinyarwanda", "English", "French"],
    "currencies": ["RWF"],
    "flag": "🇷🇼",
    "independent": true
  },
  {
    "name": "Saint Kitts and Nevis",
    "code": "KN",
    "capital": "Basseterre",
    "population": 53199,
    "area": 261,
    "region": "Americas",
    "subregion": "Caribbean",
    "languages": ["English"],
    "currencies": ["XCD"],
    "flag": "🇰🇳",
    "independent": true
  },
  {
    "name": "Saint Lucia",
    "code": "LC",
    "capital": "Castries",
    "population": 183627,
    "area": 616,
    "region": "Americas",
    "subregion": "Caribbean",
    "languages": ["English"],
    "currencies": ["XCD"],
    "flag": "🇱🇨",
    "independent": true
  },
  {
    "name": "Saint Vincent and the Grenadines",
    "code": "VC",
    "capital": "Kingstown",
    "population": 110940,
    "area": 389,
    "region": "Americas",
    "subregion": "Caribbean",
    "languages": ["English"],
    "currencies": ["XCD"],
    "flag": "🇻🇨",
    "independent": true
  },
  {
    "name": "Samoa",
    "code": "WS",
    "capital": "Apia",
    "population": 198414,
    "area": 2842,
    "region": "Oceania",
    "subregion": "Polynesia",
    "languages": ["Samoan", "English"],
    "currencies": ["WST"],
    "flag": "🇼🇸",
    "independent": true
  },
  {
    "name": "San Marino",
    "code": "SM",
    "capital": "City of San Marino",
    "population": 33931,
    "area": 61,
    "region": "Europe",
    "subregion": "Southern Europe",
    "languages": ["Italian"],
    "currencies": ["EUR"],
    "flag": "🇸🇲",
    "independent": true
  },
  {
    "name": "Sao Tome and Principe",
    "code": "ST",
    "capital": "São Tomé",
    "population": 219159,
    "area": 964,
    "region": "Africa",
    "subregion": "Middle Africa",
    "languages": ["Portuguese"],
    "currencies": ["STN"],
    "flag": "🇸🇹",
    "independent": true
  },
  {
    "name": "Saudi Arabia",
    "code": "SA",
    "capital": "Riyadh",
    "population": 34813871,
    "area": 2149690,
    "region": "Asia",
    "subregion": "Western Asia",
    "languages": ["Arabic"],
    "currencies": ["SAR"],
    "flag": "🇸🇦",
    "independent": true
  },
  {
    "name": "Senegal",
    "code": "SN",
    "capital": "Dakar",
    "population": 16743927,
    "area": 196722,
    "region": "Africa",
    "subregion": "Western Africa",
    "languages": ["French"],
    "currencies": ["XOF"],
    "flag": "🇸🇳",
    "independent": true
  },
  {
    "name": "Serbia",
    "code": "RS",
    "capital": "Belgrade",
    "population": 8772235,
    "area": 88361,
    "region": "Europe",
    "subregion": "Southern Europe",
    "languages": ["Serbian"],
    "currencies": ["RSD"],
    "flag": "🇷🇸",
    "independent": true
  },
  {
    "name": "Seychelles",
    "code": "SC",
    "capital": "Victoria",
    "population": 98462,
    "area": 452,
    "region": "Africa",
    "subregion": "Eastern Africa",
    "languages": ["French", "English", "Seychellois Creole"],
    "currencies": ["SCR"],
    "flag": "🇸🇨",
    "independent": true
  },
  {
    "name": "Sierra Leone",
    "code": "SL",
    "capital": "Freetown",
    "population": 7976983,
    "area": 71740,
    "region": "Africa",
    "subregion": "Western Africa",
    "languages": ["English"],
    "currencies": ["SLL"],
    "flag": "🇸🇱",
    "independent": true
  },
  {
    "name": "Singapore",
    "code": "SG",
    "capital": "Singapore",
    "population": 5850342,
    "area": 710,
    "region": "Asia",
    "subregion": "South-Eastern Asia",
    "languages": ["English", "Malay", "Mandarin", "Tamil"],
    "currencies": ["SGD"],
    "flag": "🇸🇬",
    "independent": true
  },
  {
    "name": "Slovakia",
    "code": "SK",
    "capital": "Bratislava",
    "population": 5458827,
    "area": 49037,
    "region": "Europe",
    "subregion": "Eastern Europe",
    "languages": ["Slovak"],
    "currencies": ["EUR"],
    "flag": "🇸🇰",
    "independent": true
  },
  {
    "name": "Slovenia",
    "code": "SI",
    "capital": "Ljubljana",
    "population": 2078938,
    "area": 20273,
    "region": "Europe",
    "subregion": "Southern Europe",
    "languages": ["Slovenian"],
    "currencies": ["EUR"],
    "flag": "🇸🇮",
    "independent": true
  },
  {
    "name": "Solomon Islands",
    "code": "SB",
    "capital": "Honiara",
    "population": 686884,
    "area": 28896,
    "region": "Oceania",
    "subregion": "Melanesia",
    "languages": ["English"],
    "currencies": ["SBD"],
    "flag": "🇸🇧",
    "independent": true
  },
  {
    "name": "Somalia",
    "code": "SO",
    "capital": "Mogadishu",
    "population": 15893222,
    "area": 637657,
    "region": "Africa",
    "subregion": "Eastern Africa",
    "languages": ["Arabic", "Somali"],
    "currencies": ["SOS"],
    "flag": "🇸🇴",
    "independent": true
  },
  {
    "name": "South Africa",
    "code": "ZA",
    "capital": "Pretoria",
    "population": 59308690,
    "area": 1221037,
    "region": "Africa",
    "subregion": "Southern Africa",
    "languages": [
      "Afrikaans",
      "English",
      "Southern Ndebele",
      "Southern Sotho",
      "Swati",
      "Tswana",
      "Tsonga",
      "Venda",
      "Xhosa",
      "Zulu"
    ],
    "currencies": ["ZAR"],
    "flag": "🇿🇦",
    "independent": true
  },
  {
    "name": "South Korea",
    "code": "KR",
    "capital": "Seoul",
    "population": 51780579,
    "area": 100210,
    "region": "Asia",
    "subregion": "Eastern Asia",
    "languages": ["Korean"],
    "currencies": ["KRW"],
    "flag": "🇰🇷",
    "independent": true
  },
  {
    "name": "South Sudan",
    "code": "SS",
    "capital": "Juba",
    "population": 11193725,
    "area": 619745,
    "region": "Africa",
    "subregion": "Eastern Africa",
    "languages": ["English"],
    "currencies": ["SSP"],
    "flag": "🇸🇸",
    "independent": true
  },
  {
    "name": "Spain",
    "code": "ES",
    "capital": "Madrid",
    "population": 47351567,
    "area": 505992,
    "region": "Europe",
    "subregion": "Southern Europe",
    "languages": ["Spanish"],
    "currencies": ["EUR"],
    "flag": "🇪🇸",
    "independent": true
  },
  {
    "name": "Sri Lanka",
    "code": "LK",
    "capital": "Sri Jayawardenepura Kotte",
    "population": 21413249,
    "area": 65610,
    "region": "Asia",
    "subregion": "Southern Asia",
    "languages": ["Sinhala", "Tamil"],
    "currencies": ["LKR"],
    "flag": "🇱🇰",
    "independent": true
  },
  {
    "name": "Sudan",
    "code": "SD",
    "capital": "Khartoum",
    "population": 43849260,
    "area": 1886068,
    "region": "Africa",
    "subregion": "Northern Africa",
    "languages": ["Arabic", "English"],
    "currencies": ["SDG"],
    "flag": "🇸🇩",
    "independent": true
  },
  {
    "name": "Suriname",
    "code": "SR",
    "capital": "Paramaribo",
    "population": 586632,
    "area": 163820,
    "region": "Americas",
    "subregion": "South America",
    "languages": ["Dutch"],
    "currencies": ["SRD"],
    "flag": "🇸🇷",
    "independent": true
  },
  {
    "name": "Sweden",
    "code": "SE",
    "capital": "Stockholm",
    "population": 10353442,
    "area": 450295,
    "region": "Europe",
    "subregion": "Northern Europe",
    "languages": ["Swedish"],
    "currencies": ["SEK"],
    "flag": "🇸🇪",
    "independent": true
  },
  {
    "name": "Switzerland",
    "code": "CH",
    "capital": "Bern",
    "population": 8654622,
    "area": 41284,
    "region": "Europe",
    "subregion": "Western Europe",
    "languages": ["German", "French", "Italian", "Romansh"],
    "currencies": ["CHF"],
    "flag": "🇨🇭",
    "independent": true
  },
  {
    "name": "Syria",
    "code": "SY",
    "capital": "Damascus",
    "population": 17500658,
    "area": 185180,
    "region": "Asia",
    "subregion": "Western Asia",
    "languages": ["Arabic"],
    "currencies": ["SYP"],
    "flag": "🇸🇾",
    "independent": true
  },
  {
    "name": "Taiwan",
    "code": "TW",
    "capital": "Taipei",
    "population": 23568378,
    "area": 36193,
    "region": "Asia",
    "subregion": "Eastern Asia",
    "languages": ["Chinese"],
    "currencies": ["TWD"],
    "flag": "🇹🇼",
    "independent": false
  },
  {
    "name": "Tajikistan",
    "code": "TJ",
    "capital": "Dushanbe",
    "population": 9537645,
    "area": 143100,
    "region": "Asia",
    "subregion": "Central Asia",
    "languages": ["Tajik", "Russian"],
    "currencies": ["TJS"],
    "flag": "🇹🇯",
    "independent": true
  },
  {
    "name": "Tanzania",
    "code": "TZ",
    "capital": "Dodoma",
    "population": 59734218,
    "area": 945087,
    "region": "Africa",
    "subregion": "Eastern Africa",
    "languages": ["English", "Swahili"],
    "currencies": ["TZS"],
    "flag": "🇹🇿",
    "independent": true
  },
  {
    "name": "Thailand",
    "code": "TH",
    "capital": "Bangkok",
    "population": 69799978,
    "area": 513120,
    "region": "Asia",
    "subregion": "South-Eastern Asia",
    "languages": ["Thai"],
    "currencies": ["THB"],
    "flag": "🇹🇭",
    "independent": true
  },
  {
    "name": "Togo",
    "code": "TG",
    "capital": "Lomé",
    "population": 8278724,
    "area": 56785,
    "region": "Africa",
    "subregion": "Western Africa",
    "languages": ["French"],
    "currencies": ["XOF"],
    "flag": "🇹🇬",
    "independent": true
  },
  {
    "name": "Tonga",
    "code": "TO",
    "capital": "Nuku'alofa",
    "population": 105695,
    "area": 747,
    "region": "Oceania",
    "subregion": "Polynesia",
    "languages": ["English", "Tongan"],
    "currencies": ["TOP"],
    "flag": "🇹🇴",
    "independent": true
  },
  {
    "name": "Trinidad and Tobago",
    "code": "TT",
    "capital": "Port of Spain",
    "population": 1399488,
    "area": 5130,
    "region": "Americas",
    "subregion": "Caribbean",
    "languages": ["English"],
    "currencies": ["TTD"],
    "flag": "🇹🇹",
    "independent": true
  },
  {
    "name": "Tunisia",
    "code": "TN",
    "capital": "Tunis",
    "population": 11818619,
    "area": 163610,
    "region": "Africa",
    "subregion": "Northern Africa",
    "languages": ["Arabic"],
    "currencies": ["TND"],
    "flag": "🇹🇳",
    "independent": true
  },
  {
    "name": "Turkey",
    "code": "TR",
    "capital": "Ankara",
    "population": 84339067,
    "area": 783562,
    "region": "Asia",
    "subregion": "Western Asia",
    "languages": ["Turkish"],
    "currencies": ["TRY"],
    "flag": "🇹🇷",
    "independent": true
  },
  {
    "name": "Turkmenistan",
    "code": "TM",
    "capital": "Ashgabat",
    "population": 6031200,
    "area": 488100,
    "region": "Asia",
    "subregion": "Central Asia",
    "languages": ["Turkmen", "Russian"],
    "currencies": ["TMT"],
    "flag": "🇹🇲",
    "independent": true
  },
  {
    "name": "Tuvalu",
    "code": "TV",
    "capital": "Funafuti",
    "population": 11792,
    "area": 26,
    "region": "Oceania",
    "subregion": "Polynesia",
    "languages": ["English", "Tuvaluan"],
    "currencies": ["AUD"],
    "flag": "🇹🇻",
    "independent": true
  },
  {
    "name": "Uganda",
    "code": "UG",
    "capital": "Kampala",
    "population": 45741007,
    "area": 241550,
    "region": "Africa",
    "subregion": "Eastern Africa",
    "languages": ["English", "Swahili"],
    "currencies": ["UGX"],
    "flag": "🇺🇬",
    "independent": true
  },
  {
    "name": "Ukraine",
    "code": "UA",
    "capital": "Kyiv",
    "population": 44134693,
    "area": 603500,
    "region": "Europe",
    "subregion": "Eastern Europe",
    "languages": ["Ukrainian"],
    "currencies": ["UAH"],
    "flag": "🇺🇦",
    "independent": true
  },
  {
    "name": "United Arab Emirates",
    "code": "AE",
    "capital": "Abu Dhabi",
    "population": 9890402,
    "area": 83600,
    "region": "Asia",
    "subregion": "Western Asia",
    "languages": ["Arabic"],
    "currencies": ["AED"],
    "flag": "🇦🇪",
    "independent": true
  },
  {
    "name": "United Kingdom",
    "code": "GB",
    "capital": "London",
    "population": 67508936,
    "area": 242900,
    "region": "Europe",
    "subregion": "Northern Europe",
    "languages": ["English"],
    "currencies": ["GBP"],
    "flag": "🇬🇧",
    "independent": true
  },
  {
    "name": "United States",
    "code": "US",
    "capital": "Washington, D.C.",
    "population": 331002651,
    "area": 9833517,
    "region": "Americas",
    "subregion": "Northern America",
    "languages": ["English"],
    "currencies": ["USD"],
    "flag": "🇺🇸",
    "independent": true
  },
  {
    "name": "Uruguay",
    "code": "UY",
    "capital": "Montevideo",
    "population": 3473730,
    "area": 181034,
    "region": "Americas",
    "subregion": "South America",
    "languages": ["Spanish"],
    "currencies": ["UYU"],
    "flag": "🇺🇾",
    "independent": true
  },
  {
    "name": "Uzbekistan",
    "code": "UZ",
    "capital": "Tashkent",
    "population": 33469203,
    "area": 447400,
    "region": "Asia",
    "subregion": "Central Asia",
    "languages": ["Uzbek", "Russian"],
    "currencies": ["UZS"],
    "flag": "🇺🇿",
    "independent": true
  },
  {
    "name": "Vanuatu",
    "code": "VU",
    "capital": "Port Vila",
    "population": 307145,
    "area": 12189,
    "region": "Oceania",
    "subregion": "Melanesia",
    "languages": ["Bislama", "English", "French"],
    "currencies": ["VUV"],
    "flag": "🇻🇺",
    "independent": true
  },
  {
    "name": "Vatican City",
    "code": "VA",
    "capital": "Vatican City",
    "population": 801,
    "area": 0,
    "region": "Europe",
    "subregion": "Southern Europe",
    "languages": ["Italian", "Latin"],
    "currencies": ["EUR"],
    "flag": "🇻🇦",
    "independent": true
  },
  {
    "name": "Venezuela",
    "code": "VE",
    "capital": "Caracas",
    "population": 28435940,
    "area": 916445,
    "region": "Americas",
    "subregion": "South America",
    "languages": ["Spanish"],
    "currencies": ["VES"],
    "flag": "🇻🇪",
    "independent": true
  },
  {
    "name": "Vietnam",
    "code": "VN",
    "capital": "Hanoi",
    "population": 97338579,
    "area": 331212,
    "region": "Asia",
    "subregion": "South-Eastern Asia",
    "languages": ["Vietnamese"],
    "currencies": ["VND"],
    "flag": "🇻🇳",
    "independent": true
  },
  {
    "name": "Yemen",
    "code": "YE",
    "capital": "Sana'a",
    "population": 29825968,
    "area": 527968,
    "region": "Asia",
    "subregion": "Western Asia",
    "languages": ["Arabic"],
    "currencies": ["YER"],
    "flag": "🇾🇪",
    "independent": true
  },
  {
    "name": "Zambia",
    "code": "ZM",
    "capital": "Lusaka",
    "population": 18383955,
    "area": 752612,
    "region": "Africa",
    "subregion": "Eastern Africa",
    "languages": ["English"],
    "currencies": ["ZMW"],
    "flag": "🇿🇲",
    "independent": true
  },
  {
    "name": "Zimbabwe",
    "code": "ZW",
    "capital": "Harare",
    "population": 14862924,
    "area": 390757,
    "region": "Africa",
    "subregion": "Eastern Africa",
    "languages": ["English", "Shona", "Northern Ndebele"],
    "currencies": ["ZWL"],
    "flag": "🇿🇼",
    "independent": true
  }
]
